{
  "type": "recipe",
  "crafter": "baker_crafting",
  "inputs": [
    {
      "id": "minecolonies:bread_dough"
    },
    {
      "count": 3,
      "id": "minecolonies:large_soy_milk_bottle"
    },
    {
      "count": 2,
      "id": "minecraft:sugar"
    },
    {
      "id": "minecraft:egg"
    }
  ],
  "intermediate": "minecraft:air",
  "loot-table": "minecolonies:recipes/large_bottle",
  "min-building-level": 4,
  "result": {
    "id": "minecolonies:cake_batter"
  },
  "show-tooltip": true
}