{
  "type": "recipe",
  "crafter": "baker_crafting",
  "inputs": [
    {
      "item": "minecolonies:bread_dough"
    },
    {
      "count": 3,
      "item": "minecolonies:large_soy_milk_bottle"
    },
    {
      "count": 2,
      "item": "minecraft:sugar"
    },
    {
      "item": "minecraft:egg"
    }
  ],
  "intermediate": "minecraft:air",
  "loot-table": "minecolonies:recipes/large_bottle",
  "min-building-level": 4,
  "result": "minecolonies:cake_batter",
  "show-tooltip": true
}